{
  "manifest": {
    "publishingInformation": {
      "locales": {
        "en-US": {
          "summary": "Sample Short Description",
          "examplePhrases": [
            "Alexa open hello world",
            "drake",
            "the lakers"
          ],
          "keywords": [],
          "name": "Song Match",
          "smallIconUri": "file://assets/images/en-US_smallIconUri.png",
          "description": "Sample Full Description",
          "largeIconUri": "file://assets/images/en-US_largeIconUri.png"
        }
      },
      "automaticDistribution": {
        "isActive": false
      },
      "isAvailableWorldwide": true,
      "testingInstructions": "Sample Testing Instructions.",
      "category": "KNOWLEDGE_AND_TRIVIA",
      "distributionCountries": []
    },
    "apis": {
      "custom": {
        "endpoint": {
          "uri": "arn:aws:lambda:us-east-1:065419806536:function:4c376ece-cb02-4148-845e-928c282962b8:Release_0"
        },
        "interfaces": []
      }
    },
    "manifestVersion": "1.0",
    "privacyAndCompliance": {
      "allowsPurchases": false,
      "locales": {
        "en-US": {}
      },
      "isExportCompliant": true,
      "containsAds": false,
      "isChildDirected": false,
      "usesPersonalInfo": false
    }
  }
}